Condition,BS20 6AQ,BS3 1AS,BS11 9SB,BS14 8PT,BS6 5PT,BS16 3TD,BS36 2DE,BS5 0UA,BS23 1YA,BS9 3AA,BS35 1DP,BS34 6BQ,BS25 1AF,BS7 9RR,BS5 6SA,BS37 4DQ,BS16 5SG,BS7 0LS,BS30 5QQ,BS14 0SU,BS4 4HU,BS48 2XX,BS34 5TF,BS10 6SP,BS5 7PD,BS21 6DG,BS13 0JP,BS37 4AA,BS23 3HQ,BS23 4JP,BS16 6UG,BS37 4AX,BS30 5JZ,BS23 3HQ,BS13 7JD,BS13 8LD,BS15 8NJ,BS22 8AG,BS5 9QY,BS15 1WW,BS15 4EJ,BS24 7DX,BS10 6DF,BS16 2JD,BS9 2HL,BS7 8SA,BS15 3HY,BS8 3EU,BS3 4AT,BS13 0JP,BS4 2QJ,BS20 0DL,BS40 5EL,BS16 3TD,BS2 0AN,BS6 6DF,BS8 2PU,BS4 1WH,BS4 1WH,BS10 6AF,BS35 2AT,BS35 1DP,BS7 9EG,BS35 4JF,BS34 8UE,BS4 4HU,BS4 2DF,BS32 4DS,BS30 8HS,BS9 4HT,BS6 6AU,BS20 7QA,BS9 1JN,BS16 7AL,BS37 5UY,BS22 6AJ,BS5 6SA,BS32 9DS,BS7 0UE,BS23 3SJ,BS2 8HW,BS1 3EA,BS2 8JP
Intestinal infectious diseases,4,8,2,2,5,3,3,4,3,2,2,3,2,4,2,3,6,0,2,4,3,7,2,4,3,3,1,2,2,2,2,3,2,3,2,2,3,2,2,5,3,2,2,5,2,4,5,4,3,2,2,1,10,2,2,4,4,1,1,2,2,1,0,1,4,2,2,1,3,2,5,2,1,3,1,3,1,4,2,1,0,2,0
Tuberculosis,0,0,0,0,0,0,0,0,0,0,0,0,0,0,0,0,0,0,0,0,0,0,0,0,0,0,0,0,0,0,0,0,0,0,0,0,0,0,0,0,0,0,0,0,0,0,0,0,0,0,0,0,0,0,0,0,0,0,0,0,0,0,0,0,0,0,0,0,0,0,0,0,0,0,0,0,0,0,0,0,0,0,0
Certain bacterial diseases,4,8,2,2,5,3,3,4,3,2,2,3,2,4,2,3,6,0,2,4,3,7,2,4,3,3,1,2,2,2,2,3,1,3,2,2,3,2,2,5,3,2,2,5,2,4,5,4,3,2,2,1,9,2,2,3,4,1,1,2,2,1,0,1,4,2,2,1,2,2,4,2,1,2,1,3,1,4,2,1,0,2,0
Infections with predominantly sexual mode of transmission,0,0,0,0,0,0,0,0,0,0,0,0,0,0,0,0,0,0,0,0,0,0,0,0,0,0,0,0,0,0,0,0,0,0,0,0,0,0,0,0,0,0,0,0,0,0,0,0,0,0,0,0,0,0,0,0,0,0,0,0,0,0,0,0,0,0,0,0,0,0,0,0,0,0,0,0,0,0,0,0,0,0,0
Other infectious and parasitic disorders,0,0,0,0,0,0,0,0,0,0,0,0,0,0,0,0,0,0,0,0,0,0,0,0,0,0,0,0,0,0,0,0,0,0,0,0,0,0,0,0,0,0,0,0,0,0,0,0,0,0,0,0,0,0,0,0,0,0,0,0,0,0,0,0,0,0,0,0,0,0,0,0,0,0,0,0,0,0,0,0,0,0,0
Viral infections of the central nervous system,0,0,0,0,0,0,0,0,0,0,0,0,0,0,0,0,0,0,0,0,0,0,0,0,0,0,0,0,0,0,0,0,0,0,0,0,0,0,0,0,0,0,0,0,0,0,0,0,0,0,0,0,0,0,0,0,0,0,0,0,0,0,0,0,0,0,0,0,0,0,0,0,0,0,0,0,0,0,0,0,0,0,0
Arthropod-borne viral fevers & viral haemorrhagic fevers,0,0,0,0,0,0,0,0,0,0,0,0,0,0,0,0,0,0,0,0,0,0,0,0,0,0,0,0,0,0,0,0,0,0,0,0,0,0,0,0,0,0,0,0,0,0,0,0,0,0,0,0,0,0,0,0,0,0,0,0,0,0,0,0,0,0,0,0,0,0,0,0,0,0,0,0,0,0,0,0,0,0,0
Viral infections characterized by skin & mucous mem. lesns.,0,1,0,0,1,0,0,0,0,0,0,0,0,0,0,0,1,0,0,0,0,1,0,0,0,0,0,0,0,0,0,0,0,0,0,0,0,0,0,1,0,0,0,1,0,0,1,0,0,0,0,0,1,0,0,0,0,0,0,0,0,0,0,0,0,0,0,0,0,0,1,0,0,0,0,0,0,0,0,0,0,0,0
Viral hepatitis,0,0,0,0,0,0,0,0,0,0,0,0,0,0,0,0,0,0,0,0,0,0,0,0,0,0,0,0,0,0,0,0,0,0,0,0,0,0,0,0,0,0,0,0,0,0,0,0,0,0,0,0,0,0,0,0,0,0,0,0,0,0,0,0,0,0,0,0,0,0,0,0,0,0,0,0,0,0,0,0,0,0,0
Human immunodeficiency virus [HIV] disease,0,0,0,0,0,0,0,0,0,0,0,0,0,0,0,0,0,0,0,0,0,0,0,0,0,0,0,0,0,0,0,0,0,0,0,0,0,0,0,0,0,0,0,0,0,0,0,0,0,0,0,0,0,0,0,0,0,0,0,0,0,0,0,0,0,0,0,0,0,0,0,0,0,0,0,0,0,0,0,0,0,0,0
Other viral diseases,3,6,2,2,4,2,2,3,2,2,1,2,2,3,2,2,4,0,2,3,2,5,2,3,2,3,1,2,1,2,2,2,1,2,1,2,2,1,2,4,2,2,2,4,1,3,4,3,2,1,2,1,7,2,2,3,3,1,1,1,1,1,0,1,3,1,1,1,2,2,3,2,1,2,1,2,1,3,1,1,0,2,0
Mycoses,0,0,0,0,0,0,0,0,0,0,0,0,0,0,0,0,0,0,0,0,0,0,0,0,0,0,0,0,0,0,0,0,0,0,0,0,0,0,0,0,0,0,0,0,0,0,0,0,0,0,0,0,1,0,0,0,0,0,0,0,0,0,0,0,0,0,0,0,0,0,0,0,0,0,0,0,0,0,0,0,0,0,0
Protozoal diseases,0,0,0,0,0,0,0,0,0,0,0,0,0,0,0,0,0,0,0,0,0,0,0,0,0,0,0,0,0,0,0,0,0,0,0,0,0,0,0,0,0,0,0,0,0,0,0,0,0,0,0,0,0,0,0,0,0,0,0,0,0,0,0,0,0,0,0,0,0,0,0,0,0,0,0,0,0,0,0,0,0,0,0
Helminthiases,0,0,0,0,0,0,0,0,0,0,0,0,0,0,0,0,0,0,0,0,0,0,0,0,0,0,0,0,0,0,0,0,0,0,0,0,0,0,0,0,0,0,0,0,0,0,0,0,0,0,0,0,0,0,0,0,0,0,0,0,0,0,0,0,0,0,0,0,0,0,0,0,0,0,0,0,0,0,0,0,0,0,0
Other infectious and parasitic diseases,0,0,0,0,0,0,0,0,0,0,0,0,0,0,0,0,0,0,0,0,0,0,0,0,0,0,0,0,0,0,0,0,0,0,0,0,0,0,0,0,0,0,0,0,0,0,0,0,0,0,0,0,0,0,0,0,0,0,0,0,0,0,0,0,0,0,0,0,0,0,0,0,0,0,0,0,0,0,0,0,0,0,0
Malignant neoplasm of lip-oral cavity and pharynx,1,1,0,0,1,0,1,1,0,0,0,1,0,1,0,1,1,0,0,1,1,1,0,1,0,1,0,0,0,0,0,0,0,0,0,0,0,0,0,1,0,0,0,1,0,1,1,1,0,0,0,0,2,0,0,1,1,0,0,0,0,0,0,0,1,0,0,0,0,0,1,0,0,0,0,1,0,1,0,0,0,0,0
Malignant neoplasm of digestive organs,7,14,4,4,8,5,5,6,5,4,3,5,4,6,4,5,10,0,3,6,6,12,4,8,5,6,2,4,3,4,4,5,3,4,3,4,4,3,4,8,5,4,4,9,3,7,8,6,4,3,4,2,16,4,4,6,6,2,2,3,3,2,0,2,6,3,3,2,4,4,8,4,2,4,1,6,2,6,3,2,0,4,0
Malignant neoplasms of respiratory & intrathoracic organs,3,6,2,2,3,2,2,3,2,2,1,2,1,3,2,2,4,0,1,3,2,5,2,3,2,3,1,2,1,2,2,2,1,2,1,2,2,1,2,4,2,2,2,4,1,3,3,3,2,1,2,1,7,2,2,3,3,1,1,1,1,1,0,1,3,1,1,1,2,2,3,2,1,2,0,2,1,3,1,1,0,2,0
Malignant neoplasm of bone and articular cartilage,0,0,0,0,0,0,0,0,0,0,0,0,0,0,0,0,0,0,0,0,0,0,0,0,0,0,0,0,0,0,0,0,0,0,0,0,0,0,0,0,0,0,0,0,0,0,0,0,0,0,0,0,0,0,0,0,0,0,0,0,0,0,0,0,0,0,0,0,0,0,0,0,0,0,0,0,0,0,0,0,0,0,0
Malignant neoplasms of skin,4,8,2,2,5,3,3,4,3,2,2,3,2,4,2,3,5,0,2,3,3,7,2,4,3,3,1,2,2,2,2,3,1,3,2,2,2,2,2,5,3,2,2,5,2,4,5,3,3,2,2,1,9,2,2,3,4,1,1,2,2,1,0,1,4,2,2,1,2,2,4,2,1,2,1,3,1,4,2,1,0,2,0
Malignant neoplasms of mesothelial and soft tissue,1,1,0,0,1,0,0,1,0,0,0,0,0,1,0,0,1,0,0,1,0,1,0,1,0,1,0,0,0,0,0,0,0,0,0,0,0,0,0,1,0,0,0,1,0,1,1,1,0,0,0,0,1,0,0,1,1,0,0,0,0,0,0,0,1,0,0,0,0,0,1,0,0,0,0,0,0,1,0,0,0,0,0
Malignant neoplasm of breast,6,11,3,3,6,4,4,5,4,3,2,4,3,5,3,4,8,0,3,5,5,10,3,6,4,5,2,3,2,3,3,4,2,4,2,3,3,3,3,7,4,3,3,7,2,6,6,5,4,2,3,2,13,3,3,5,5,2,2,3,2,2,0,1,5,2,3,2,3,3,6,3,1,3,1,5,2,5,2,2,0,3,0
Malignant neoplasms of female genital organs,2,4,1,1,2,1,1,2,1,1,1,1,1,2,1,1,2,0,1,2,1,3,1,2,1,2,1,1,1,1,1,1,1,1,1,1,1,1,1,2,1,1,1,2,1,2,2,2,1,1,1,1,4,1,1,2,2,1,1,1,1,0,0,0,2,1,1,1,1,1,2,1,0,1,0,1,0,2,1,1,0,1,0
Malignant neoplasms of male genital organs,2,5,1,1,3,2,2,2,1,1,1,2,1,2,1,2,3,0,1,2,2,4,1,3,2,2,1,1,1,1,1,2,1,1,1,1,1,1,1,3,2,1,1,3,1,2,3,2,1,1,1,1,5,1,1,2,2,1,1,1,1,1,0,1,2,1,1,1,1,1,3,1,1,1,0,2,1,2,1,1,0,1,0
Malignant neoplasms of urinary tract,2,5,1,1,3,2,2,2,2,1,1,2,1,2,1,2,3,0,1,2,2,4,1,3,2,2,1,1,1,1,1,2,1,2,1,1,1,1,1,3,2,1,1,3,1,2,3,2,2,1,1,1,5,1,1,2,2,1,1,1,1,1,0,1,2,1,1,1,1,1,3,1,1,1,0,2,1,2,1,1,0,1,0
"Malignant neoplasms of eye, brain & other parts of CNS",1,1,0,0,1,0,0,0,0,0,0,0,0,1,0,0,1,0,0,0,0,1,0,1,0,0,0,0,0,0,0,0,0,0,0,0,0,0,0,1,0,0,0,1,0,1,1,0,0,0,0,0,1,0,0,0,0,0,0,0,0,0,0,0,0,0,0,0,0,0,1,0,0,0,0,0,0,1,0,0,0,0,0
Malignant neoplsm. of thyroid and oth. endo. Glands etc,5,10,3,3,6,3,4,4,3,3,2,4,3,5,3,4,7,0,2,4,4,9,3,5,3,4,2,3,2,3,3,4,2,3,2,3,3,2,3,6,3,3,3,6,2,5,6,4,3,2,3,2,12,3,3,4,4,2,2,2,2,1,0,1,4,2,2,1,3,3,6,3,1,3,1,4,1,5,2,1,0,3,0
"Malignant neoplasms of lymphoid, haematopoietic & rel. tiss.",10,20,6,5,11,7,8,9,7,6,4,8,5,9,5,8,14,0,5,9,8,17,5,11,7,8,4,6,4,6,5,7,4,6,4,6,6,5,5,12,7,6,6,12,4,11,12,9,6,4,6,4,23,6,5,9,9,4,4,5,4,3,0,2,9,4,5,3,6,6,11,5,2,6,2,8,3,9,4,3,0,6,0
In situ & benign neoplasms and others of uncertainty,11,22,7,6,13,8,8,10,7,6,5,9,6,10,6,9,15,0,6,10,9,19,6,12,8,9,4,7,5,6,6,8,4,7,5,7,7,5,6,13,7,7,6,14,4,12,13,10,7,4,7,4,26,7,6,9,10,4,4,5,5,3,0,3,10,5,5,3,7,6,12,6,3,7,2,9,3,10,5,3,0,7,0
Anaemias,8,15,5,4,9,5,6,7,5,4,3,6,4,7,4,6,11,0,4,7,6,13,4,8,5,7,3,5,3,4,4,6,3,5,3,5,5,4,4,9,5,5,5,10,3,8,9,7,5,3,5,3,18,5,4,7,7,3,3,4,3,2,0,2,7,3,4,2,5,4,9,4,2,5,1,6,2,7,3,2,0,5,0
Diseases of the blood and blood-forming organs,2,5,1,1,3,2,2,2,2,1,1,2,1,2,1,2,3,0,1,2,2,4,1,3,2,2,1,1,1,1,1,2,1,2,1,1,2,1,1,3,2,1,1,3,1,3,3,2,2,1,1,1,6,1,1,2,2,1,1,1,1,1,0,1,2,1,1,1,1,1,3,1,1,1,0,2,1,2,1,1,0,1,0
Disorders of thyroid gland,0,1,0,0,0,0,0,0,0,0,0,0,0,0,0,0,1,0,0,0,0,1,0,0,0,0,0,0,0,0,0,0,0,0,0,0,0,0,0,1,0,0,0,1,0,0,0,0,0,0,0,0,1,0,0,0,0,0,0,0,0,0,0,0,0,0,0,0,0,0,0,0,0,0,0,0,0,0,0,0,0,0,0
Diabetes Mellitus,1,3,1,1,2,1,1,1,1,1,1,1,1,1,1,1,2,0,1,1,1,3,1,2,1,1,1,1,1,1,1,1,1,1,1,1,1,1,1,2,1,1,1,2,1,2,2,1,1,1,1,1,3,1,1,1,1,1,1,1,1,0,0,0,1,1,1,0,1,1,2,1,0,1,0,1,0,1,1,0,0,1,0
Endocrine nutritional and metabolic diseases,6,12,4,3,7,4,5,5,4,3,3,5,3,6,3,5,8,0,3,5,5,10,3,7,4,5,2,4,2,3,3,4,2,4,3,4,4,3,3,7,4,4,4,8,2,6,7,5,4,2,4,2,14,4,3,5,5,2,2,3,3,2,0,1,5,3,3,2,4,3,7,3,2,4,1,5,2,6,2,2,0,4,0
Dementia,0,1,0,0,0,0,0,0,0,0,0,0,0,0,0,0,0,0,0,0,0,0,0,0,0,0,0,0,0,0,0,0,0,0,0,0,0,0,0,0,0,0,0,0,0,0,0,0,0,0,0,0,1,0,0,0,0,0,0,0,0,0,0,0,0,0,0,0,0,0,0,0,0,0,0,0,0,0,0,0,0,0,0
Other organic including symptomatic mental disorders,1,1,0,0,1,0,0,1,0,0,0,0,0,1,0,0,1,0,0,1,0,1,0,1,0,1,0,0,0,0,0,0,0,0,0,0,0,0,0,1,0,0,0,1,0,1,1,1,0,0,0,0,1,0,0,1,1,0,0,0,0,0,0,0,1,0,0,0,0,0,1,0,0,0,0,0,0,1,0,0,0,0,0
Mental and behavioural disorders due to psychoactive subst.,1,3,1,1,2,1,1,1,1,1,1,1,1,1,1,1,2,0,1,1,1,2,1,1,1,1,0,1,1,1,1,1,0,1,1,1,1,1,1,2,1,1,1,2,0,1,2,1,1,1,1,0,3,1,1,1,1,0,0,1,1,0,0,0,1,1,1,0,1,1,1,1,0,1,0,1,0,1,1,0,0,1,0
"Schizophrenia, schizotypal and delusional disorders",1,1,0,0,1,0,0,1,0,0,0,0,0,1,0,0,1,0,0,1,1,1,0,1,0,1,0,0,0,0,0,0,0,0,0,0,0,0,0,1,0,0,0,1,0,1,1,1,0,0,0,0,1,0,0,1,1,0,0,0,0,0,0,0,1,0,0,0,0,0,1,0,0,0,0,1,0,1,0,0,0,0,0
Mood [affective] disorders,1,1,0,0,1,0,0,1,0,0,0,0,0,1,0,0,1,0,0,1,0,1,0,1,0,1,0,0,0,0,0,0,0,0,0,0,0,0,0,1,0,0,0,1,0,1,1,1,0,0,0,0,1,0,0,1,1,0,0,0,0,0,0,0,1,0,0,0,0,0,1,0,0,0,0,0,0,1,0,0,0,0,0
"Neurotic, behavioural & personality disorders",1,2,1,1,1,1,1,1,1,1,0,1,0,1,1,1,1,0,0,1,1,2,1,1,1,1,0,1,0,1,1,1,0,1,0,1,1,0,1,1,1,1,1,1,0,1,1,1,1,0,1,0,2,1,1,1,1,0,0,0,0,0,0,0,1,0,0,0,1,1,1,1,0,1,0,1,0,1,0,0,0,1,0
Mental retardation,0,0,0,0,0,0,0,0,0,0,0,0,0,0,0,0,0,0,0,0,0,0,0,0,0,0,0,0,0,0,0,0,0,0,0,0,0,0,0,0,0,0,0,0,0,0,0,0,0,0,0,0,0,0,0,0,0,0,0,0,0,0,0,0,0,0,0,0,0,0,0,0,0,0,0,0,0,0,0,0,0,0,0
Other mental and behavioural disorders,0,0,0,0,0,0,0,0,0,0,0,0,0,0,0,0,0,0,0,0,0,0,0,0,0,0,0,0,0,0,0,0,0,0,0,0,0,0,0,0,0,0,0,0,0,0,0,0,0,0,0,0,0,0,0,0,0,0,0,0,0,0,0,0,0,0,0,0,0,0,0,0,0,0,0,0,0,0,0,0,0,0,0
Inflammatory diseases of the central nervous system,0,0,0,0,0,0,0,0,0,0,0,0,0,0,0,0,0,0,0,0,0,0,0,0,0,0,0,0,0,0,0,0,0,0,0,0,0,0,0,0,0,0,0,0,0,0,0,0,0,0,0,0,0,0,0,0,0,0,0,0,0,0,0,0,0,0,0,0,0,0,0,0,0,0,0,0,0,0,0,0,0,0,0
Other degenerative diseases (incl. Alzheimer).,0,1,0,0,0,0,0,0,0,0,0,0,0,0,0,0,0,0,0,0,0,0,0,0,0,0,0,0,0,0,0,0,0,0,0,0,0,0,0,0,0,0,0,0,0,0,0,0,0,0,0,0,1,0,0,0,0,0,0,0,0,0,0,0,0,0,0,0,0,0,0,0,0,0,0,0,0,0,0,0,0,0,0
Extrapyramidal & movement disorders (incl. Parkinsonism).,0,1,0,0,0,0,0,0,0,0,0,0,0,0,0,0,1,0,0,0,0,1,0,0,0,0,0,0,0,0,0,0,0,0,0,0,0,0,0,0,0,0,0,1,0,0,0,0,0,0,0,0,1,0,0,0,0,0,0,0,0,0,0,0,0,0,0,0,0,0,0,0,0,0,0,0,0,0,0,0,0,0,0
Demyelinating diseases (incl Multiple Sclerosis) of the CNS.,1,3,1,1,1,1,1,1,1,1,1,1,1,1,1,1,2,0,1,1,1,2,1,1,1,1,0,1,1,1,1,1,0,1,1,1,1,1,1,2,1,1,1,2,0,1,1,1,1,1,1,0,3,1,1,1,1,0,0,1,1,0,0,0,1,1,1,0,1,1,1,1,0,1,0,1,0,1,1,0,0,1,0
"Epilepsy, migraine & other episodic disorders",3,7,2,2,4,2,3,3,2,2,2,3,2,3,2,3,5,0,2,3,3,6,2,4,2,3,1,2,1,2,2,2,1,2,2,2,2,2,2,4,2,2,2,4,1,4,4,3,2,1,2,1,8,2,2,3,3,1,1,2,1,1,0,1,3,2,2,1,2,2,4,2,1,2,1,3,1,3,1,1,0,2,0
Other diseases & disorders of the nervous syst.,4,7,2,2,4,3,3,3,2,2,2,3,2,3,2,3,5,0,2,3,3,6,2,4,3,3,1,2,2,2,2,3,1,2,2,2,2,2,2,4,2,2,2,5,1,4,4,3,2,2,2,1,9,2,2,3,3,1,1,2,2,1,0,1,3,2,2,1,2,2,4,2,1,2,1,3,1,3,2,1,0,2,0
Cerebral palsy & other paralytic syndromes,0,1,0,0,0,0,0,0,0,0,0,0,0,0,0,0,0,0,0,0,0,1,0,0,0,0,0,0,0,0,0,0,0,0,0,0,0,0,0,0,0,0,0,0,0,0,0,0,0,0,0,0,1,0,0,0,0,0,0,0,0,0,0,0,0,0,0,0,0,0,0,0,0,0,0,0,0,0,0,0,0,0,0
Other disorders of the eye etc,6,12,4,3,7,4,5,5,4,3,3,5,3,6,3,5,8,0,3,5,5,10,3,7,4,5,2,4,2,3,3,4,2,4,3,4,4,3,3,7,4,4,4,8,2,6,7,5,4,2,4,2,14,4,3,5,5,2,2,3,3,2,0,1,5,3,3,2,4,3,7,3,2,4,1,5,2,6,2,2,0,4,0
Disorders of conjunctiva (including conjunctivitis),0,0,0,0,0,0,0,0,0,0,0,0,0,0,0,0,0,0,0,0,0,0,0,0,0,0,0,0,0,0,0,0,0,0,0,0,0,0,0,0,0,0,0,0,0,0,0,0,0,0,0,0,0,0,0,0,0,0,0,0,0,0,0,0,0,0,0,0,0,0,0,0,0,0,0,0,0,0,0,0,0,0,0
Disorders of lens (including cataracts),12,23,7,6,13,8,9,10,8,7,5,9,6,11,6,9,16,0,6,10,10,20,6,13,8,10,4,7,5,7,6,8,4,8,5,7,7,6,6,14,8,7,7,15,4,13,14,10,8,5,7,4,27,7,6,10,10,4,4,5,5,3,0,3,10,5,6,3,7,7,13,6,3,7,2,10,3,11,5,4,0,7,0
Glaucoma,1,1,0,0,1,0,0,1,0,0,0,0,0,1,0,0,1,0,0,1,1,1,0,1,0,1,0,0,0,0,0,0,0,0,0,0,0,0,0,1,0,0,0,1,0,1,1,1,0,0,0,0,1,0,0,1,1,0,0,0,0,0,0,0,1,0,0,0,0,0,1,0,0,0,0,1,0,1,0,0,0,0,0
Diseases of the ear and mastoid process,2,4,1,1,2,2,2,2,1,1,1,2,1,2,1,2,3,0,1,2,2,4,1,2,2,2,1,1,1,1,1,2,1,1,1,1,1,1,1,3,1,1,1,3,1,2,3,2,1,1,1,1,5,1,1,2,2,1,1,1,1,1,0,1,2,1,1,1,1,1,2,1,1,1,0,2,1,2,1,1,0,1,0
Rheumatic heart disease,0,1,0,0,0,0,0,0,0,0,0,0,0,0,0,0,0,0,0,0,0,0,0,0,0,0,0,0,0,0,0,0,0,0,0,0,0,0,0,0,0,0,0,0,0,0,0,0,0,0,0,0,1,0,0,0,0,0,0,0,0,0,0,0,0,0,0,0,0,0,0,0,0,0,0,0,0,0,0,0,0,0,0
Hypertensive diseases,1,1,0,0,1,0,0,1,0,0,0,0,0,1,0,0,1,0,0,1,0,1,0,1,0,1,0,0,0,0,0,0,0,0,0,0,0,0,0,1,0,0,0,1,0,1,1,1,0,0,0,0,1,0,0,1,1,0,0,0,0,0,0,0,1,0,0,0,0,0,1,0,0,0,0,0,0,1,0,0,0,0,0
Ischaemic heart diseases,7,13,4,4,8,5,5,6,4,4,3,5,3,6,4,5,9,0,3,6,5,12,4,7,5,6,2,4,3,4,3,5,3,4,3,4,4,3,3,8,4,4,4,8,3,7,8,6,4,3,4,2,16,4,3,6,6,2,2,3,3,2,0,2,6,3,3,2,4,4,7,4,2,4,1,5,2,6,3,2,0,4,0
Pulmonary heart disease & diseases of pulmonary circulation,1,2,1,1,1,1,1,1,1,1,0,1,0,1,1,1,1,0,0,1,1,2,1,1,1,1,0,1,0,1,1,1,0,1,0,1,1,0,0,1,1,1,1,1,0,1,1,1,1,0,1,0,2,1,0,1,1,0,0,0,0,0,0,0,1,0,0,0,1,1,1,1,0,1,0,1,0,1,0,0,0,1,0
Other forms of heart disease,8,16,5,4,9,6,6,7,5,5,4,6,4,8,4,6,11,0,4,7,7,14,4,9,6,7,3,5,3,5,4,6,3,5,4,5,5,4,4,10,5,5,5,10,3,9,9,7,5,3,5,3,19,5,4,7,7,3,3,4,3,2,0,2,7,4,4,2,5,5,9,4,2,5,1,7,2,8,3,2,0,5,0
Cerebrovascular diseases,3,6,2,2,3,2,2,3,2,2,1,2,1,3,2,2,4,0,1,3,2,5,2,3,2,2,1,2,1,2,1,2,1,2,1,2,2,1,1,3,2,2,2,4,1,3,3,3,2,1,2,1,7,2,1,2,3,1,1,1,1,1,0,1,3,1,1,1,2,2,3,1,1,2,0,2,1,3,1,1,0,2,0
"Diseases of arteries, arterioles & capillaries",2,3,1,1,2,1,1,1,1,1,1,1,1,2,1,1,2,0,1,1,1,3,1,2,1,1,1,1,1,1,1,1,1,1,1,1,1,1,1,2,1,1,1,2,1,2,2,1,1,1,1,1,4,1,1,1,1,1,1,1,1,0,0,0,1,1,1,0,1,1,2,1,0,1,0,1,0,2,1,0,0,1,0
Diseases of veins & lymphatic system nec.,2,5,1,1,3,2,2,2,2,1,1,2,1,2,1,2,3,0,1,2,2,4,1,3,2,2,1,1,1,1,1,2,1,2,1,1,1,1,1,3,2,1,1,3,1,3,3,2,2,1,1,1,6,1,1,2,2,1,1,1,1,1,0,1,2,1,1,1,1,1,3,1,1,1,0,2,1,2,1,1,0,1,0
Other & unspecified disorders of the circulatory system,1,2,0,0,1,1,1,1,1,0,0,1,0,1,0,1,1,0,0,1,1,1,0,1,1,1,0,0,0,0,0,1,0,1,0,0,1,0,0,1,1,0,0,1,0,1,1,1,1,0,0,0,2,0,0,1,1,0,0,0,0,0,0,0,1,0,0,0,0,0,1,0,0,0,0,1,0,1,0,0,0,0,0
Acute upper respiratory infections,4,8,2,2,5,3,3,4,3,2,2,3,2,4,2,3,6,0,2,4,3,7,2,5,3,4,1,3,2,2,2,3,2,3,2,2,3,2,2,5,3,3,2,5,2,4,5,4,3,2,2,1,10,2,2,4,4,1,1,2,2,1,0,1,4,2,2,1,3,2,5,2,1,3,1,3,1,4,2,1,0,2,0
Influenza & pneumonia,7,15,4,4,9,5,6,7,5,4,3,6,4,7,4,6,10,0,4,7,6,13,4,8,5,6,3,5,3,4,4,5,3,5,3,4,5,4,4,9,5,5,4,9,3,8,9,7,5,3,4,3,18,4,4,6,7,3,3,3,3,2,0,2,7,3,4,2,5,4,8,4,2,5,1,6,2,7,3,2,0,4,0
Other acute lower respiratory infections,5,9,3,2,5,3,4,4,3,3,2,4,2,4,3,4,6,0,2,4,4,8,3,5,3,4,2,3,2,3,2,3,2,3,2,3,3,2,2,6,3,3,3,6,2,5,5,4,3,2,3,2,11,3,2,4,4,2,2,2,2,1,0,1,4,2,2,1,3,3,5,2,1,3,1,4,1,4,2,1,0,3,0
Other diseases of upper respiratory tract,3,5,2,1,3,2,2,2,2,2,1,2,1,3,2,2,4,0,1,2,2,5,1,3,2,2,1,2,1,2,1,2,1,2,1,2,2,1,1,3,2,2,2,3,1,3,3,2,2,1,2,1,6,2,1,2,2,1,1,1,1,1,0,1,2,1,1,1,2,2,3,1,1,2,0,2,1,3,1,1,0,2,0
Chronic lower respiratory diseases,6,12,4,3,7,4,5,5,4,4,3,5,3,6,3,5,8,0,3,5,5,11,3,7,4,5,2,4,3,3,3,4,2,4,3,4,4,3,3,7,4,4,4,8,2,7,7,5,4,2,4,2,14,4,3,5,5,2,2,3,3,2,0,1,5,3,3,2,4,3,7,3,2,4,1,5,2,6,3,2,0,4,0
Lung diseases due to external agents,1,1,0,0,1,1,1,1,0,0,0,1,0,1,0,1,1,0,0,1,1,1,0,1,0,1,0,0,0,0,0,1,0,0,0,0,0,0,0,1,0,0,0,1,0,1,1,1,0,0,0,0,2,0,0,1,1,0,0,0,0,0,0,0,1,0,0,0,0,0,1,0,0,0,0,1,0,1,0,0,0,0,0
Other diseases of the respiratory system,2,4,1,1,3,2,2,2,1,1,1,2,1,2,1,2,3,0,1,2,2,4,1,2,2,2,1,1,1,1,1,2,1,1,1,1,1,1,1,3,1,1,1,3,1,2,3,2,1,1,1,1,5,1,1,2,2,1,1,1,1,1,0,1,2,1,1,1,1,1,3,1,1,1,0,2,1,2,1,1,0,1,0
"Diseases of oral cavity, salivary glands & jaws",7,13,4,4,8,5,5,6,4,4,3,5,3,6,4,5,9,0,3,6,5,12,4,7,5,6,2,4,3,4,4,5,3,4,3,4,4,3,3,8,4,4,4,8,3,7,8,6,4,3,4,2,16,4,3,6,6,2,2,3,3,2,0,2,6,3,3,2,4,4,8,4,2,4,1,5,2,6,3,2,0,4,0
"Diseases of oesophagus, stomach & duodenum",11,22,7,6,13,8,8,10,7,6,5,9,6,10,6,9,15,0,6,10,9,19,6,12,8,9,4,7,5,6,6,8,4,7,5,7,7,5,6,13,7,7,6,14,4,12,13,10,7,4,7,4,26,7,6,9,10,4,4,5,5,3,0,3,10,5,5,3,7,6,12,6,3,7,2,9,3,10,5,3,0,7,0
Diseases of appendix,1,2,1,1,1,1,1,1,1,1,1,1,1,1,1,1,2,0,1,1,1,2,1,1,1,1,0,1,1,1,1,1,0,1,1,1,1,1,1,1,1,1,1,2,0,1,1,1,1,0,1,0,3,1,1,1,1,0,0,1,1,0,0,0,1,1,1,0,1,1,1,1,0,1,0,1,0,1,1,0,0,1,0
Hernia,5,10,3,3,6,4,4,5,3,3,2,4,3,5,3,4,7,0,3,5,4,9,3,6,4,4,2,3,2,3,3,4,2,3,2,3,3,3,3,6,3,3,3,7,2,6,6,5,3,2,3,2,12,3,3,5,5,2,2,2,2,1,0,1,5,2,2,2,3,3,6,3,1,3,1,4,1,5,2,2,0,3,0
Noninfective enteritis & colitis,7,13,4,3,8,5,5,6,4,4,3,5,3,6,4,5,9,0,3,6,5,11,4,7,5,6,2,4,3,4,3,5,2,4,3,4,4,3,3,8,4,4,4,8,3,7,8,6,4,3,4,2,15,4,3,6,6,2,2,3,3,2,0,2,6,3,3,2,4,4,7,3,2,4,1,5,2,6,3,2,0,4,0
Other diseases of intestines,17,33,10,9,19,12,13,15,11,10,7,13,8,16,9,13,23,0,8,15,14,29,9,18,12,14,6,10,7,9,9,12,6,11,7,10,10,8,8,20,11,10,10,21,6,18,19,15,11,7,10,6,39,10,8,14,15,6,6,8,7,5,0,4,15,7,8,5,10,9,19,9,4,10,3,14,5,16,7,5,0,10,0
Diseases of peritoneum,0,0,0,0,0,0,0,0,0,0,0,0,0,0,0,0,0,0,0,0,0,0,0,0,0,0,0,0,0,0,0,0,0,0,0,0,0,0,0,0,0,0,0,0,0,0,0,0,0,0,0,0,1,0,0,0,0,0,0,0,0,0,0,0,0,0,0,0,0,0,0,0,0,0,0,0,0,0,0,0,0,0,0
Diseases of liver,1,2,1,1,1,1,1,1,1,1,1,1,1,1,1,1,2,0,1,1,1,2,1,1,1,1,0,1,1,1,1,1,0,1,1,1,1,1,1,2,1,1,1,2,0,1,1,1,1,1,1,0,3,1,1,1,1,0,0,1,1,0,0,0,1,1,1,0,1,1,1,1,0,1,0,1,0,1,1,0,0,1,0
"Disorders of gall bladder, biliary tract & pancreas",5,11,3,3,6,4,4,5,4,3,2,4,3,5,3,4,8,0,3,5,4,9,3,6,4,5,2,3,2,3,3,4,2,4,2,3,3,3,3,7,4,3,3,7,2,6,6,5,4,2,3,2,13,3,3,5,5,2,2,3,2,2,0,1,5,2,3,2,3,3,6,3,1,3,1,4,1,5,2,2,0,3,0
Other diseases of the digestive system,4,7,2,2,4,3,3,3,2,2,2,3,2,3,2,3,5,0,2,3,3,6,2,4,2,3,1,2,1,2,2,3,1,2,2,2,2,2,2,4,2,2,2,4,1,4,4,3,2,1,2,1,8,2,2,3,3,1,1,2,2,1,0,1,3,2,2,1,2,2,4,2,1,2,1,3,1,3,1,1,0,2,0
Other infections and disorders of the skin,8,17,5,5,10,6,6,8,6,5,4,7,4,8,5,7,12,0,4,7,7,15,5,9,6,7,3,5,3,5,4,6,3,5,4,5,5,4,4,10,6,5,5,11,3,9,10,7,5,3,5,3,20,5,4,7,8,3,3,4,4,2,0,2,8,4,4,2,5,5,9,4,2,5,1,7,2,8,3,3,0,5,0
Dermatitis and eczema,0,1,0,0,0,0,0,0,0,0,0,0,0,0,0,0,0,0,0,0,0,1,0,0,0,0,0,0,0,0,0,0,0,0,0,0,0,0,0,0,0,0,0,0,0,0,0,0,0,0,0,0,1,0,0,0,0,0,0,0,0,0,0,0,0,0,0,0,0,0,0,0,0,0,0,0,0,0,0,0,0,0,0
Papulosquamous disorders (including Psoriasis),0,1,0,0,0,0,0,0,0,0,0,0,0,0,0,0,0,0,0,0,0,1,0,0,0,0,0,0,0,0,0,0,0,0,0,0,0,0,0,0,0,0,0,0,0,0,0,0,0,0,0,0,1,0,0,0,0,0,0,0,0,0,0,0,0,0,0,0,0,0,0,0,0,0,0,0,0,0,0,0,0,0,0
Urticaria and erythems,0,1,0,0,0,0,0,0,0,0,0,0,0,0,0,0,0,0,0,0,0,0,0,0,0,0,0,0,0,0,0,0,0,0,0,0,0,0,0,0,0,0,0,0,0,0,0,0,0,0,0,0,1,0,0,0,0,0,0,0,0,0,0,0,0,0,0,0,0,0,0,0,0,0,0,0,0,0,0,0,0,0,0
Arthropathies,16,31,9,8,18,11,12,14,10,9,7,12,8,15,9,12,22,0,8,14,13,27,8,17,11,13,6,10,6,9,8,11,6,10,7,9,10,7,8,19,10,9,9,20,6,17,18,14,10,6,9,6,37,9,8,13,14,6,6,7,7,4,0,4,14,7,7,5,10,9,17,8,4,10,3,13,4,15,6,5,0,9,0
Systemic connective tissue disorders,1,1,0,0,1,0,1,1,0,0,0,1,0,1,0,1,1,0,0,1,1,1,0,1,0,1,0,0,0,0,0,1,0,0,0,0,0,0,0,1,0,0,0,1,0,1,1,1,0,0,0,0,2,0,0,1,1,0,0,0,0,0,0,0,1,0,0,0,0,0,1,0,0,0,0,1,0,1,0,0,0,0,0
Dorsopathies,8,16,5,4,9,6,6,7,5,5,4,6,4,8,5,6,11,0,4,7,7,14,4,9,6,7,3,5,3,5,4,6,3,5,4,5,5,4,4,10,5,5,5,10,3,9,10,7,5,3,5,3,19,5,4,7,7,3,3,4,3,2,0,2,7,4,4,2,5,5,9,4,2,5,1,7,2,8,3,2,0,5,0
Soft tissue disorders,6,13,4,3,7,5,5,6,4,4,3,5,3,6,4,5,9,0,3,6,5,11,3,7,4,5,2,4,3,4,3,5,2,4,3,4,4,3,3,8,4,4,4,8,2,7,7,6,4,3,4,2,15,4,3,5,6,2,2,3,3,2,0,1,6,3,3,2,4,4,7,3,2,4,1,5,2,6,3,2,0,4,0
Osteopathies and chondropathies,2,5,1,1,3,2,2,2,1,1,1,2,1,2,1,2,3,0,1,2,2,4,1,3,2,2,1,1,1,1,1,2,1,1,1,1,1,1,1,3,2,1,1,3,1,2,3,2,1,1,1,1,5,1,1,2,2,1,1,1,1,1,0,1,2,1,1,1,1,1,3,1,1,1,0,2,1,2,1,1,0,1,0
Other disorders of the musculoskeletal system & conn. tiss.,0,1,0,0,0,0,0,0,0,0,0,0,0,0,0,0,0,0,0,0,0,0,0,0,0,0,0,0,0,0,0,0,0,0,0,0,0,0,0,0,0,0,0,0,0,0,0,0,0,0,0,0,1,0,0,0,0,0,0,0,0,0,0,0,0,0,0,0,0,0,0,0,0,0,0,0,0,0,0,0,0,0,0
Diseases of the kidney,2,4,1,1,3,2,2,2,1,1,1,2,1,2,1,2,3,0,1,2,2,4,1,2,2,2,1,1,1,1,1,2,1,1,1,1,1,1,1,3,1,1,1,3,1,2,3,2,1,1,1,1,5,1,1,2,2,1,1,1,1,1,0,1,2,1,1,1,1,1,2,1,1,1,0,2,1,2,1,1,0,1,0
Renal failure,2,5,1,1,3,2,2,2,2,1,1,2,1,2,1,2,3,0,1,2,2,4,1,3,2,2,1,1,1,1,1,2,1,2,1,1,2,1,1,3,2,1,1,3,1,3,3,2,2,1,1,1,6,1,1,2,2,1,1,1,1,1,0,1,2,1,1,1,2,1,3,1,1,2,0,2,1,2,1,1,0,1,0
Urolithiasis,2,5,1,1,3,2,2,2,2,1,1,2,1,2,1,2,3,0,1,2,2,4,1,3,2,2,1,1,1,1,1,2,1,1,1,1,1,1,1,3,2,1,1,3,1,2,3,2,1,1,1,1,5,1,1,2,2,1,1,1,1,1,0,1,2,1,1,1,1,1,3,1,1,1,0,2,1,2,1,1,0,1,0
Other disorders of kidney & ureter,0,0,0,0,0,0,0,0,0,0,0,0,0,0,0,0,0,0,0,0,0,0,0,0,0,0,0,0,0,0,0,0,0,0,0,0,0,0,0,0,0,0,0,0,0,0,0,0,0,0,0,0,0,0,0,0,0,0,0,0,0,0,0,0,0,0,0,0,0,0,0,0,0,0,0,0,0,0,0,0,0,0,0
Other diseases of the urinary system,7,14,4,4,8,5,5,6,5,4,3,5,4,7,4,5,10,0,3,6,6,12,4,8,5,6,3,4,3,4,4,5,3,5,3,4,4,3,4,8,5,4,4,9,3,7,8,6,5,3,4,2,16,4,4,6,6,2,3,3,3,2,0,2,6,3,3,2,4,4,8,4,2,4,1,6,2,7,3,2,0,4,0
Diseases of male genital organs,3,6,2,2,4,2,2,3,2,2,1,3,2,3,2,2,4,0,2,3,3,6,2,4,2,3,1,2,1,2,2,2,1,2,1,2,2,2,2,4,2,2,2,4,1,3,4,3,2,1,2,1,8,2,2,3,3,1,1,1,1,1,0,1,3,1,2,1,2,2,4,2,1,2,1,3,1,3,1,1,0,2,0
Disorders of breast,0,1,0,0,1,0,0,0,0,0,0,0,0,0,0,0,1,0,0,0,0,1,0,1,0,0,0,0,0,0,0,0,0,0,0,0,0,0,0,1,0,0,0,1,0,0,1,0,0,0,0,0,1,0,0,0,0,0,0,0,0,0,0,0,0,0,0,0,0,0,1,0,0,0,0,0,0,0,0,0,0,0,0
Inflammatory diseases of female pelvic organs,1,1,0,0,1,0,0,1,0,0,0,0,0,1,0,0,1,0,0,1,1,1,0,1,0,1,0,0,0,0,0,0,0,0,0,0,0,0,0,1,0,0,0,1,0,1,1,1,0,0,0,0,1,0,0,1,1,0,0,0,0,0,0,0,1,0,0,0,0,0,1,0,0,0,0,1,0,1,0,0,0,0,0
Noninflammatory disorders of female genital tract,5,11,3,3,6,4,4,5,4,3,2,4,3,5,3,4,7,0,3,5,4,9,3,6,4,5,2,3,2,3,3,4,2,3,2,3,3,3,3,6,4,3,3,7,2,6,6,5,3,2,3,2,13,3,3,5,5,2,2,3,2,2,0,1,5,2,3,2,3,3,6,3,1,3,1,4,1,5,2,2,0,3,0
Other disorders of the genitourinary system,0,0,0,0,0,0,0,0,0,0,0,0,0,0,0,0,0,0,0,0,0,0,0,0,0,0,0,0,0,0,0,0,0,0,0,0,0,0,0,0,0,0,0,0,0,0,0,0,0,0,0,0,0,0,0,0,0,0,0,0,0,0,0,0,0,0,0,0,0,0,0,0,0,0,0,0,0,0,0,0,0,0,0
Pregnancy with abortive outcome,3,6,2,2,4,2,2,3,2,2,1,2,2,3,2,2,4,0,2,3,3,5,2,3,2,3,1,2,1,2,2,2,1,2,1,2,2,1,2,4,2,2,2,4,1,3,4,3,2,1,2,1,7,2,2,3,3,1,1,1,1,1,0,1,3,1,1,1,2,2,4,2,1,2,1,3,1,3,1,1,0,2,0
Complications of labour and delivery,27,54,16,14,31,19,21,24,18,16,12,21,14,25,15,21,37,0,14,24,22,47,15,30,19,23,10,17,11,15,14,20,10,18,12,16,17,13,14,33,18,16,16,34,10,29,31,24,18,11,16,10,64,16,14,23,24,10,10,13,12,8,0,6,24,12,13,8,17,15,30,14,7,17,4,22,7,25,11,8,0,16,0
Delivery,1,2,0,0,1,1,1,1,1,0,0,1,0,1,0,1,1,0,0,1,1,1,0,1,1,1,0,0,0,0,0,1,0,1,0,0,1,0,0,1,1,0,0,1,0,1,1,1,1,0,0,0,2,0,0,1,1,0,0,0,0,0,0,0,1,0,0,0,0,0,1,0,0,0,0,1,0,1,0,0,0,0,0
Complications of fetus/neonate affected by maternal,0,0,0,0,0,0,0,0,0,0,0,0,0,0,0,0,0,0,0,0,0,0,0,0,0,0,0,0,0,0,0,0,0,0,0,0,0,0,0,0,0,0,0,0,0,0,0,0,0,0,0,0,0,0,0,0,0,0,0,0,0,0,0,0,0,0,0,0,0,0,0,0,0,0,0,0,0,0,0,0,0,0,0
Other conditions originating in the perinatal period,6,13,4,3,7,5,5,6,4,4,3,5,3,6,4,5,9,0,3,6,5,11,3,7,5,5,2,4,3,4,3,5,2,4,3,4,4,3,3,8,4,4,4,8,2,7,7,6,4,3,4,2,15,4,3,6,6,2,2,3,3,2,0,1,6,3,3,2,4,4,7,3,2,4,1,5,2,6,3,2,0,4,0
Congenital malformations,3,5,2,1,3,2,2,2,2,2,1,2,1,2,1,2,4,0,1,2,2,5,1,3,2,2,1,2,1,1,1,2,1,2,1,2,2,1,1,3,2,2,2,3,1,3,3,2,2,1,2,1,6,2,1,2,2,1,1,1,1,1,0,1,2,1,1,1,2,1,3,1,1,2,0,2,1,2,1,1,0,2,0
Chromosomal abnormalities nec.,0,0,0,0,0,0,0,0,0,0,0,0,0,0,0,0,0,0,0,0,0,0,0,0,0,0,0,0,0,0,0,0,0,0,0,0,0,0,0,0,0,0,0,0,0,0,0,0,0,0,0,0,0,0,0,0,0,0,0,0,0,0,0,0,0,0,0,0,0,0,0,0,0,0,0,0,0,0,0,0,0,0,0
Symptoms & signs inv. the circulatory/respiratory system,11,22,7,6,13,8,9,10,7,7,5,9,6,11,6,9,16,0,6,10,9,20,6,12,8,10,4,7,5,6,6,8,4,7,5,7,7,5,6,14,7,7,7,14,4,12,13,10,7,5,7,4,27,7,6,10,10,4,4,5,5,3,0,3,10,5,5,3,7,6,13,6,3,7,2,9,3,11,5,3,0,7,0
Symptoms & signs inv. the digestive system & abdomen,14,28,8,8,16,10,11,13,9,8,6,11,7,13,8,11,20,0,7,13,12,25,8,16,10,12,5,9,6,8,7,10,5,9,6,8,9,7,7,17,9,9,8,18,5,15,17,12,9,6,8,5,33,8,7,12,13,5,5,7,6,4,0,3,13,6,7,4,9,8,16,7,4,9,2,12,4,13,6,4,0,8,0
Symptoms & signs inv. the skin & subcutaneous tissue,1,2,1,1,1,1,1,1,1,1,0,1,1,1,1,1,1,0,1,1,1,2,1,1,1,1,0,1,0,1,1,1,0,1,0,1,1,0,1,1,1,1,1,1,0,1,1,1,1,0,1,0,2,1,1,1,1,0,0,0,0,0,0,0,1,0,0,0,1,1,1,1,0,1,0,1,0,1,0,0,0,1,0
Symptoms & signs inv. the nervous & musculoskeletal sys.,3,5,2,1,3,2,2,2,2,2,1,2,1,3,1,2,4,0,1,2,2,5,1,3,2,2,1,2,1,2,1,2,1,2,1,2,2,1,1,3,2,2,2,3,1,3,3,2,2,1,2,1,6,2,1,2,2,1,1,1,1,1,0,1,2,1,1,1,2,2,3,1,1,2,0,2,1,3,1,1,0,2,0
Symptoms & signs involving the urinary system,3,5,2,1,3,2,2,2,2,2,1,2,1,3,2,2,4,0,1,2,2,5,1,3,2,2,1,2,1,2,1,2,1,2,1,2,2,1,1,3,2,2,2,3,1,3,3,2,2,1,2,1,6,2,1,2,2,1,1,1,1,1,0,1,2,1,1,1,2,2,3,1,1,2,0,2,1,3,1,1,0,2,0
Symptoms & signs inv. Cognition perception etc.,2,4,1,1,3,2,2,2,1,1,1,2,1,2,1,2,3,0,1,2,2,4,1,2,2,2,1,1,1,1,1,2,1,1,1,1,1,1,1,3,1,1,1,3,1,2,3,2,1,1,1,1,5,1,1,2,2,1,1,1,1,1,0,1,2,1,1,1,1,1,2,1,1,1,0,2,1,2,1,1,0,1,0
Symptoms & signs inv. speech & voice,0,0,0,0,0,0,0,0,0,0,0,0,0,0,0,0,0,0,0,0,0,0,0,0,0,0,0,0,0,0,0,0,0,0,0,0,0,0,0,0,0,0,0,0,0,0,0,0,0,0,0,0,1,0,0,0,0,0,0,0,0,0,0,0,0,0,0,0,0,0,0,0,0,0,0,0,0,0,0,0,0,0,0
General symptoms & signs,8,16,5,4,9,6,6,7,5,5,4,6,4,8,4,6,11,0,4,7,7,14,4,9,6,7,3,5,3,5,4,6,3,5,4,5,5,4,4,10,5,5,5,10,3,9,9,7,5,3,5,3,19,5,4,7,7,3,3,4,3,2,0,2,7,4,4,2,5,5,9,4,2,5,1,7,2,8,3,2,0,5,0
Unknown & unspecified causes of morbidity,5,10,3,3,6,3,4,4,3,3,2,4,2,5,3,4,7,0,2,4,4,8,3,5,3,4,2,3,2,3,3,3,2,3,2,3,3,2,2,6,3,3,3,6,2,5,6,4,3,2,3,2,11,3,2,4,4,2,2,2,2,1,0,1,4,2,2,1,3,3,5,3,1,3,1,4,1,5,2,1,0,3,0
Abnormal findings of bodily fluids or samples without diag.,1,2,1,0,1,1,1,1,1,1,0,1,0,1,1,1,1,0,0,1,1,2,0,1,1,1,0,1,0,1,0,1,0,1,0,1,1,0,0,1,1,1,1,1,0,1,1,1,1,0,1,0,2,1,0,1,1,0,0,0,0,0,0,0,1,0,0,0,1,1,1,0,0,1,0,1,0,1,0,0,0,1,0
Abnormal findings on diagnostic imaging/function studies,1,2,1,1,1,1,1,1,1,1,1,1,1,1,1,1,2,0,1,1,1,2,1,1,1,1,0,1,0,1,1,1,0,1,1,1,1,1,1,1,1,1,1,1,0,1,1,1,1,0,1,0,3,1,1,1,1,0,0,1,0,0,0,0,1,0,1,0,1,1,1,1,0,1,0,1,0,1,0,0,0,1,0
Injuries to the head,5,9,3,3,5,3,4,4,3,3,2,4,2,4,3,4,7,0,2,4,4,8,3,5,3,4,2,3,2,3,2,3,2,3,2,3,3,2,2,6,3,3,3,6,2,5,5,4,3,2,3,2,11,3,2,4,4,2,2,2,2,1,0,1,4,2,2,1,3,3,5,2,1,3,1,4,1,4,2,1,0,3,0
Injuries to the neck,0,1,0,0,0,0,0,0,0,0,0,0,0,0,0,0,0,0,0,0,0,0,0,0,0,0,0,0,0,0,0,0,0,0,0,0,0,0,0,0,0,0,0,0,0,0,0,0,0,0,0,0,1,0,0,0,0,0,0,0,0,0,0,0,0,0,0,0,0,0,0,0,0,0,0,0,0,0,0,0,0,0,0
Injuries to the thorax,1,1,0,0,1,1,1,1,0,0,0,1,0,1,0,1,1,0,0,1,1,1,0,1,1,1,0,0,0,0,0,1,0,0,0,0,0,0,0,1,0,0,0,1,0,1,1,1,0,0,0,0,2,0,0,1,1,0,0,0,0,0,0,0,1,0,0,0,0,0,1,0,0,0,0,1,0,1,0,0,0,0,0
"Injuries to abdomen, lower back, lumbar spine & pelvis",1,2,1,1,1,1,1,1,1,1,0,1,1,1,1,1,1,0,1,1,1,2,1,1,1,1,0,1,0,1,1,1,0,1,0,1,1,1,1,1,1,1,1,1,0,1,1,1,1,0,1,0,2,1,1,1,1,0,0,0,0,0,0,0,1,0,1,0,1,1,1,1,0,1,0,1,0,1,0,0,0,1,0
Injuries to the shoulder & upper arm,1,2,1,1,1,1,1,1,1,1,1,1,1,1,1,1,2,0,1,1,1,2,1,1,1,1,0,1,1,1,1,1,0,1,1,1,1,1,1,1,1,1,1,2,0,1,1,1,1,1,1,0,3,1,1,1,1,0,0,1,1,0,0,0,1,1,1,0,1,1,1,1,0,1,0,1,0,1,1,0,0,1,0
Injuries to the elbow & forearm,2,4,1,1,2,1,1,2,1,1,1,1,1,2,1,1,3,0,1,2,2,3,1,2,1,2,1,1,1,1,1,1,1,1,1,1,1,1,1,2,1,1,1,2,1,2,2,2,1,1,1,1,4,1,1,2,2,1,1,1,1,1,0,0,2,1,1,1,1,1,2,1,0,1,0,2,1,2,1,1,0,1,0
Injuries to the wrist & hand,2,5,1,1,3,2,2,2,2,1,1,2,1,2,1,2,3,0,1,2,2,4,1,3,2,2,1,1,1,1,1,2,1,2,1,1,2,1,1,3,2,1,1,3,1,3,3,2,2,1,1,1,6,1,1,2,2,1,1,1,1,1,0,1,2,1,1,1,1,1,3,1,1,1,0,2,1,2,1,1,0,1,0
Injuries to the hip & thigh,2,4,1,1,3,2,2,2,1,1,1,2,1,2,1,2,3,0,1,2,2,4,1,2,2,2,1,1,1,1,1,2,1,1,1,1,1,1,1,3,1,1,1,3,1,2,3,2,1,1,1,1,5,1,1,2,2,1,1,1,1,1,0,1,2,1,1,1,1,1,3,1,1,1,0,2,1,2,1,1,0,1,0
Injuries to the knee & lower leg,2,4,1,1,2,1,2,2,1,1,1,2,1,2,1,2,3,0,1,2,2,3,1,2,1,2,1,1,1,1,1,1,1,1,1,1,1,1,1,2,1,1,1,3,1,2,2,2,1,1,1,1,5,1,1,2,2,1,1,1,1,1,0,0,2,1,1,1,1,1,2,1,1,1,0,2,1,2,1,1,0,1,0
Injuries to the ankle & foot,0,1,0,0,1,0,0,0,0,0,0,0,0,0,0,0,1,0,0,0,0,1,0,1,0,0,0,0,0,0,0,0,0,0,0,0,0,0,0,1,0,0,0,1,0,1,1,0,0,0,0,0,1,0,0,0,0,0,0,0,0,0,0,0,0,0,0,0,0,0,1,0,0,0,0,0,0,0,0,0,0,0,0
Injuries involving multiple body regions,0,0,0,0,0,0,0,0,0,0,0,0,0,0,0,0,0,0,0,0,0,0,0,0,0,0,0,0,0,0,0,0,0,0,0,0,0,0,0,0,0,0,0,0,0,0,0,0,0,0,0,0,0,0,0,0,0,0,0,0,0,0,0,0,0,0,0,0,0,0,0,0,0,0,0,0,0,0,0,0,0,0,0
Injuries to unspecified part of trunk limb or body,0,0,0,0,0,0,0,0,0,0,0,0,0,0,0,0,0,0,0,0,0,0,0,0,0,0,0,0,0,0,0,0,0,0,0,0,0,0,0,0,0,0,0,0,0,0,0,0,0,0,0,0,0,0,0,0,0,0,0,0,0,0,0,0,0,0,0,0,0,0,0,0,0,0,0,0,0,0,0,0,0,0,0
Effects of foreign body entering through natural orifice,0,1,0,0,1,0,0,0,0,0,0,0,0,0,0,0,1,0,0,0,0,1,0,1,0,0,0,0,0,0,0,0,0,0,0,0,0,0,0,1,0,0,0,1,0,1,1,0,0,0,0,0,1,0,0,0,0,0,0,0,0,0,0,0,0,0,0,0,0,0,1,0,0,0,0,0,0,0,0,0,0,0,0
Burns and corrosions,0,1,0,0,0,0,0,0,0,0,0,0,0,0,0,0,0,0,0,0,0,1,0,0,0,0,0,0,0,0,0,0,0,0,0,0,0,0,0,0,0,0,0,0,0,0,0,0,0,0,0,0,1,0,0,0,0,0,0,0,0,0,0,0,0,0,0,0,0,0,0,0,0,0,0,0,0,0,0,0,0,0,0
Frostbite,0,0,0,0,0,0,0,0,0,0,0,0,0,0,0,0,0,0,0,0,0,0,0,0,0,0,0,0,0,0,0,0,0,0,0,0,0,0,0,0,0,0,0,0,0,0,0,0,0,0,0,0,0,0,0,0,0,0,0,0,0,0,0,0,0,0,0,0,0,0,0,0,0,0,0,0,0,0,0,0,0,0,0
Poisonings by drugs medicaments & biological substances,3,6,2,2,3,2,2,3,2,2,1,2,2,3,2,2,4,0,1,3,2,5,2,3,2,3,1,2,1,2,2,2,1,2,1,2,2,1,2,4,2,2,2,4,1,3,3,3,2,1,2,1,7,2,2,3,3,1,1,1,1,1,0,1,3,1,1,1,2,2,3,2,1,2,0,2,1,3,1,1,0,2,0
Tox. effcts. of substnces. chiefly non-medicinal as to source,0,0,0,0,0,0,0,0,0,0,0,0,0,0,0,0,0,0,0,0,0,0,0,0,0,0,0,0,0,0,0,0,0,0,0,0,0,0,0,0,0,0,0,0,0,0,0,0,0,0,0,0,0,0,0,0,0,0,0,0,0,0,0,0,0,0,0,0,0,0,0,0,0,0,0,0,0,0,0,0,0,0,0
Other and unspecified effects of external causes,1,1,0,0,1,0,0,0,0,0,0,0,0,0,0,0,1,0,0,0,0,1,0,1,0,0,0,0,0,0,0,0,0,0,0,0,0,0,0,1,0,0,0,1,0,1,1,0,0,0,0,0,1,0,0,0,0,0,0,0,0,0,0,0,0,0,0,0,0,0,1,0,0,0,0,0,0,0,0,0,0,0,0
Certain early complications of trauma,0,0,0,0,0,0,0,0,0,0,0,0,0,0,0,0,0,0,0,0,0,0,0,0,0,0,0,0,0,0,0,0,0,0,0,0,0,0,0,0,0,0,0,0,0,0,0,0,0,0,0,0,0,0,0,0,0,0,0,0,0,0,0,0,0,0,0,0,0,0,0,0,0,0,0,0,0,0,0,0,0,0,0
Complications of surgical & medical care nec.,6,11,3,3,6,4,4,5,4,3,2,4,3,5,3,4,8,0,3,5,5,10,3,6,4,5,2,3,2,3,3,4,2,4,3,3,4,3,3,7,4,3,3,7,2,6,6,5,4,2,3,2,13,3,3,5,5,2,2,3,2,2,0,1,5,2,3,2,3,3,6,3,1,3,1,5,2,5,2,2,0,3,0
Sequelae of injuries of poisoning & other consequences,0,0,0,0,0,0,0,0,0,0,0,0,0,0,0,0,0,0,0,0,0,0,0,0,0,0,0,0,0,0,0,0,0,0,0,0,0,0,0,0,0,0,0,0,0,0,0,0,0,0,0,0,0,0,0,0,0,0,0,0,0,0,0,0,0,0,0,0,0,0,0,0,0,0,0,0,0,0,0,0,0,0,0
Provisional assignment of new diseases of uncertain etiology,0,0,0,0,0,0,0,0,0,0,0,0,0,0,0,0,0,0,0,0,0,0,0,0,0,0,0,0,0,0,0,0,0,0,0,0,0,0,0,0,0,0,0,0,0,0,0,0,0,0,0,0,0,0,0,0,0,0,0,0,0,0,0,0,0,0,0,0,0,0,0,0,0,0,0,0,0,0,0,0,0,0,0
Bacterial agents resistant to antibiotics,0,0,0,0,0,0,0,0,0,0,0,0,0,0,0,0,0,0,0,0,0,0,0,0,0,0,0,0,0,0,0,0,0,0,0,0,0,0,0,0,0,0,0,0,0,0,0,0,0,0,0,0,0,0,0,0,0,0,0,0,0,0,0,0,0,0,0,0,0,0,0,0,0,0,0,0,0,0,0,0,0,0,0
Examination and investigation,8,16,5,4,9,6,6,7,5,5,4,6,4,8,4,6,11,0,4,7,7,14,4,9,6,7,3,5,3,5,4,6,3,5,4,5,5,4,4,10,5,5,5,10,3,9,9,7,5,3,5,3,19,5,4,7,7,3,3,4,3,2,0,2,7,4,4,2,5,5,9,4,2,5,1,7,2,8,3,2,0,5,0
Potential health hazards related to communicable diseases,0,1,0,0,0,0,0,0,0,0,0,0,0,0,0,0,1,0,0,0,0,1,0,0,0,0,0,0,0,0,0,0,0,0,0,0,0,0,0,0,0,0,0,0,0,0,0,0,0,0,0,0,1,0,0,0,0,0,0,0,0,0,0,0,0,0,0,0,0,0,0,0,0,0,0,0,0,0,0,0,0,0,0
Health services in circumstances related to reproduction,14,27,8,7,16,10,11,12,9,8,6,11,7,13,8,11,19,0,7,12,11,24,7,15,10,12,5,8,6,8,7,10,5,9,6,8,9,7,7,17,9,8,8,17,5,15,16,12,9,6,8,5,32,8,7,12,12,5,5,6,6,4,0,3,12,6,7,4,8,8,15,7,3,9,2,11,4,13,6,4,0,8,0
Persons encountering health services for specific care,3,6,2,2,4,2,3,3,2,2,1,3,2,3,2,3,5,0,2,3,3,6,2,4,2,3,1,2,1,2,2,2,1,2,1,2,2,2,2,4,2,2,2,4,1,4,4,3,2,1,2,1,8,2,2,3,3,1,1,2,1,1,0,1,3,1,2,1,2,2,4,2,1,2,1,3,1,3,1,1,0,2,0
Potential health hazards reltd. to socioeconomic & psychosoc.l,0,0,0,0,0,0,0,0,0,0,0,0,0,0,0,0,0,0,0,0,0,0,0,0,0,0,0,0,0,0,0,0,0,0,0,0,0,0,0,0,0,0,0,0,0,0,0,0,0,0,0,0,0,0,0,0,0,0,0,0,0,0,0,0,0,0,0,0,0,0,0,0,0,0,0,0,0,0,0,0,0,0,0
Persons encountering health services in other circs.,1,1,0,0,1,0,0,1,0,0,0,0,0,1,0,0,1,0,0,1,0,1,0,1,0,1,0,0,0,0,0,0,0,0,0,0,0,0,0,1,0,0,0,1,0,1,1,1,0,0,0,0,1,0,0,1,1,0,0,0,0,0,0,0,1,0,0,0,0,0,1,0,0,0,0,0,0,1,0,0,0,0,0
Persons with potential health hazards related to family,0,1,0,0,0,0,0,0,0,0,0,0,0,0,0,0,0,0,0,0,0,0,0,0,0,0,0,0,0,0,0,0,0,0,0,0,0,0,0,0,0,0,0,0,0,0,0,0,0,0,0,0,1,0,0,0,0,0,0,0,0,0,0,0,0,0,0,0,0,0,0,0,0,0,0,0,0,0,0,0,0,0,0